#SampleID,BarcodeSequence,LinkerPrimerSequence,InputFileName,Group,CollectionSite,SiteDescription,Seq,Type
M1D.ITS.R1,TAAGATGCAG,TTCTTGGTCATTTAGAGGAAGTAA,M1D_ITS_S40_L001_R1_001.fastq.trimmed.fasta,M1D,F1,Forest,DNA,ITS
M2D.ITS.R1,ACGTCCACTG,TTCTTGGTCATTTAGAGGAAGTAA,M2D_ITS_S41_L001_R1_001.fastq.trimmed.fasta,M2D,F4,Forest,DNA,ITS
M3D.ITS.R1,TGACATTCAC,TTCTTGGTCATTTAGAGGAAGTAA,M3D_ITS_S42_L001_R1_001.fastq.trimmed.fasta,M3D,F6,Forest,DNA,ITS
M4D.ITS.R1,CACATATTGG,TTCTTGGTCATTTAGAGGAAGTAA,M4D_ITS_S43_L001_R1_001.fastq.trimmed.fasta,M4D,F9,Forest,DNA,ITS
M5D.ITS.R1,TTCAATAGGG,TTCTTGGTCATTTAGAGGAAGTAA,M5D_ITS_S44_L001_R1_001.fastq.trimmed.fasta,M5D,SHP1,SilverHillPine,DNA,ITS
M7D.ITS.R1,CAGTTACCCA,TTCTTGGTCATTTAGAGGAAGTAA,M7D_ITS_S45_L001_R1_001.fastq.trimmed.fasta,M7D,SHP4,SilverHillPine,DNA,ITS
M9D.ITS.R1,ACCTTGACAA,TTCTTGGTCATTTAGAGGAAGTAA,M9D_ITS_S46_L001_R1_001.fastq.trimmed.fasta,M9D,SHM1,SilverHillMoss,DNA,ITS
M10D.ITS.R1,ATAGCCGATG,TTCTTGGTCATTTAGAGGAAGTAA,M10D_ITS_S47_L001_R1_001.fastq.trimmed.fasta,M10D,SHM2,SilverHillMoss,DNA,ITS
M11D.ITS.R1,GAGGGACGCA,TTCTTGGTCATTTAGAGGAAGTAA,M11D_ITS_S48_L001_R1_001.fastq.trimmed.fasta,M11D,SHM3,SilverHillMoss,DNA,ITS
M12D.ITS.R1,ACTCCGATAG,TTCTTGGTCATTTAGAGGAAGTAA,M12D_ITS_S49_L001_R1_001.fastq.trimmed.fasta,M12D,SHM5,SilverHillMoss,DNA,ITS
M1R.ITS.R1,TTCTCCATCA,TTCTTGGTCATTTAGAGGAAGTAA,M1R_cDNA_ITS_S193_L001_R1_001.fastq.trimmed.fasta,M1R,F1,Forest,cDNA,ITS
M2R.ITS.R1,TGGAGGTTCT,TTCTTGGTCATTTAGAGGAAGTAA,M2R_cDNA_ITS_S194_L001_R1_001.fastq.trimmed.fasta,M2R,F4,Forest,cDNA,ITS
M3R.ITS.R1,TGCTTGTAGG,TTCTTGGTCATTTAGAGGAAGTAA,M3R_cDNA_ITS_S195_L001_R1_001.fastq.trimmed.fasta,M3R,F6,Forest,cDNA,ITS
M4R.ITS.R1,CGTACTCTCG,TTCTTGGTCATTTAGAGGAAGTAA,M4R_cDNA_ITS_S196_L001_R1_001.fastq.trimmed.fasta,M4R,F9,Forest,cDNA,ITS
M5R.ITS.R1,GGTATCACCC,TTCTTGGTCATTTAGAGGAAGTAA,M5R_cDNA_ITS_S197_L001_R1_001.fastq.trimmed.fasta,M5R,SHP1,SilverHillPine,cDNA,ITS
M9R.ITS.R1,TGTTCGCCCA,TTCTTGGTCATTTAGAGGAAGTAA,M9R_cDNA_ITS_S198_L001_R1_001.fastq.trimmed.fasta,M9R,SHM1,SilverHillMoss,cDNA,ITS
M10R.ITS.R1,CGCGTATCTC,TTCTTGGTCATTTAGAGGAAGTAA,M10R_cDNA_ITS_S199_L001_R1_001.fastq.trimmed.fasta,M10R,SHM2,SilverHillMoss,cDNA,ITS
M11R.ITS.R1,CGAAAGCATT,TTCTTGGTCATTTAGAGGAAGTAA,M11R_cDNA_ITS_S200_L001_R1_001.fastq.trimmed.fasta,M11R,SHM3,SilverHillMoss,cDNA,ITS
M12R.ITS.R1,CCGGACAAGA,TTCTTGGTCATTTAGAGGAAGTAA,M12R_cDNA_ITS_S201_L001_R1_001.fastq.trimmed.fasta,M12R,SHM5,SilverHillMoss,cDNA,ITS